{
  "id": "Motif I - Tatami Haute Densité (Buckling Risk)",
  "difficulty": "High",
  "type": "Mixed",
  "topology": {
    "euler": 1,
    "holes": 0,
    "islands": 1,
    "components": 1,
    "maxDepth": 1,
    "adjacencyEdges": 0,
    "passVersion": "2.0-industrial"
  },
  "geometry": {
    "rms": 9.289811390443244e-15,
    "hausdorff": 0.25767266706001285,
    "passVersion": "2.0-industrial"
  },
  "ribbon": [
    {
      "continuity": 1,
      "widthError": 0,
      "railCrossings": 0,
      "smoothness": 0.9880146196500184,
      "cornerScore": 1,
      "junctionScore": 1
    }
  ],
  "physics": {
    "physicsScore": 65,
    "fabricDistortion": 2.089,
    "threadTension": 6.267,
    "pushPullError": 2.089,
    "bucklingRisk": 9.091,
    "needleStress": 0,
    "collisionIndex": 0,
    "densityPressure": 6.46,
    "estimatedShrinkage": 2.089,
    "simulationTimeMs": 0.711
  },
  "performance": {
    "passes": {
      "GeometryPass": 0.2468189999999595,
      "TopologyPass": 0.06256800000005569,
      "RibbonPass": 42.07128899999998,
      "TatamiPass": 1.5389480000000049,
      "SatinPass": 1.6038829999999962,
      "TravelPass": 0.19257600000003094,
      "PhysicsPass": 1.0694059999999581,
      "ExportPass": 0.14630499999998392
    },
    "totalMs": 46.95288700000003
  }
}